age,gender,subscription_type,watch_hours,last_login_days,device,monthly_fee,payment_method,number_of_profiles,avg_watch_time_per_day,favorite_genre
22,2,2,1.04,56,0,13.99,4,3,0.02,1
50,1,1,25.98,37,4,17.99,4,5,0.68,3
19,1,1,3.28,30,4,17.99,1,5,0.11,3
55,0,1,0.15,0,3,17.99,4,4,0.15,2
42,2,2,1.11,14,2,13.99,3,2,0.07,3
56,0,1,17.25,52,1,17.99,4,5,0.33,6
66,2,2,10.25,28,0,13.99,2,4,0.35,1
41,1,2,14.82,33,4,13.99,2,2,0.44,5
23,2,0,10.85,13,2,8.99,4,3,0.78,5
64,1,2,8.4,47,3,13.99,1,4,0.18,2
65,2,0,9.95,8,1,8.99,1,5,1.11,1
23,1,1,10.37,30,4,8.99,4,2,0.33,3
34,1,1,3.92,4,3,17.99,2,1,0.78,0
54,2,0,7.19,56,0,8.99,2,2,0.13,5
55,0,1,12.82,47,2,17.99,3,3,0.27,4
29,1,1,1.61,59,0,17.99,0,2,0.03,4
56,0,0,0.97,33,2,8.99,2,4,0.03,4
62,1,2,25.88,49,0,13.99,4,2,0.52,4
69,1,2,0.36,50,0,13.99,0,2,0.01,2
28,2,1,0.68,53,1,17.99,1,1,0.01,1
23,2,1,8.17,38,4,17.99,2,3,0.21,2
44,2,2,14.26,20,1,13.99,4,1,0.68,6
20,0,2,13.2,56,2,13.99,2,2,0.23,5
65,1,1,5.02,51,1,17.99,1,3,0.1,1
64,0,2,13.89,43,4,13.99,0,1,0.32,2
19,0,1,2.3,1,2,17.99,2,3,1.15,1
57,2,1,28.19,10,4,17.99,2,1,2.56,5
63,1,0,6.79,46,4,8.99,0,1,0.14,1
47,0,0,10.89,48,2,8.99,2,5,0.22,1
42,2,1,4.26,6,4,17.99,2,5,0.61,4
35,1,2,32.86,25,3,13.99,3,4,1.26,5
46,2,0,19.72,47,4,8.99,0,1,0.41,4
25,0,1,0.82,22,4,17.99,2,1,0.04,5
31,0,1,19.72,40,3,17.99,3,3,0.48,4
56,1,0,3.26,20,1,8.99,4,3,0.16,1
70,0,0,2.46,53,1,8.99,1,1,0.05,3
59,1,1,9.49,42,0,17.99,2,2,0.22,0
19,2,0,5.62,13,3,8.99,4,4,0.4,3
27,1,0,46.09,3,3,8.99,1,4,11.52,2
67,2,1,8.28,59,4,17.99,3,3,0.14,2
67,1,1,2.24,34,3,17.99,1,2,0.06,0
40,1,1,18.06,21,0,17.99,3,1,0.82,6
21,1,2,4.52,3,2,13.99,2,3,1.13,3
40,0,2,4.26,49,3,13.99,2,4,0.09,2
54,2,1,13.49,4,1,17.99,2,1,2.7,0
21,2,1,0.2,21,2,17.99,2,5,0.01,3
62,2,0,1.16,2,3,8.99,4,2,0.39,4
63,1,2,15.51,9,1,13.99,4,1,1.55,0
57,2,0,9.88,44,2,8.99,2,3,0.22,0
25,0,0,1.91,18,0,8.99,2,3,0.1,2
45,0,0,31.15,22,4,8.99,0,5,1.35,3
61,1,2,8.85,13,4,13.99,1,2,0.63,1
19,2,0,5.18,43,4,8.99,4,4,0.12,4
33,0,2,19.28,19,4,13.99,0,4,0.96,6
62,1,2,18.07,20,0,13.99,4,2,0.86,5
25,1,0,12.69,39,2,8.99,0,3,0.32,6
61,0,2,0.76,22,3,13.99,2,5,0.03,3
21,1,2,0.19,59,2,13.99,2,3,0,5
57,0,1,6.49,23,1,17.99,3,1,0.27,5
27,0,0,11.62,50,3,8.99,0,2,0.23,2
63,2,2,0.83,41,2,13.99,3,2,0.02,1
53,0,1,7.94,12,2,8.99,4,1,0.61,2
68,0,0,9.48,4,4,8.99,0,2,1.9,3
40,1,1,1.85,46,2,17.99,1,1,0.04,0
18,1,0,6.57,50,1,8.99,4,3,0.13,2
67,0,1,27.79,28,3,17.99,1,4,0.96,0
31,1,1,5.69,22,2,17.99,2,4,0.25,4
27,0,1,2.66,32,3,17.99,3,3,0.08,1
29,0,0,8.55,40,4,8.99,4,1,0.21,5
47,1,1,7.22,38,0,17.99,0,2,0.19,3
70,2,1,13.24,1,3,17.99,3,5,6.62,3
41,1,1,16.13,44,0,17.99,2,4,0.36,4
54,1,2,3.47,31,1,13.99,2,5,0.11,6
55,0,1,13.7,59,4,17.99,4,3,0.23,0
62,1,0,12.66,42,3,8.99,2,2,0.29,0
53,0,1,10.75,48,2,17.99,2,4,0.22,6
61,0,2,39.09,5,4,13.99,4,1,6.52,2
50,2,0,0.11,1,4,8.99,2,2,0.06,6
40,0,2,3.21,58,0,13.99,4,2,0.05,0
41,1,1,8.6,47,2,13.99,4,2,0.18,0
36,0,2,6.49,21,1,13.99,0,5,0.29,0
48,0,1,16.1,20,2,17.99,3,4,0.77,5
70,1,2,10.5,55,2,13.99,2,5,0.19,4
32,0,2,11.33,42,2,13.99,2,1,0.26,6
59,0,0,0.75,6,3,8.99,2,3,0.11,5
62,2,0,15.54,51,2,8.99,4,4,0.3,6
61,1,1,34.86,23,2,17.99,1,3,1.45,2
31,0,1,1.02,39,4,17.99,1,3,0.03,3
56,1,0,2.02,23,4,8.99,0,5,0.08,2
70,2,0,13.74,44,2,8.99,4,3,0.31,5
30,1,0,5.73,41,1,8.99,3,3,0.14,5
44,2,1,18.75,44,0,17.99,4,5,0.42,0
43,2,2,2.08,45,3,13.99,2,3,0.05,0
19,0,1,6.49,34,4,17.99,3,1,0.19,5
23,0,2,0.13,48,1,13.99,1,5,0,6
46,0,0,12.12,41,4,8.99,2,2,0.29,3
31,2,2,9.9,46,1,13.99,4,5,0.21,0
19,1,1,9.09,56,1,8.99,2,3,0.16,5
30,0,1,6.23,49,3,13.99,2,3,0.12,1
30,2,2,14.41,51,4,13.99,3,1,0.28,1
27,1,2,0.43,27,1,13.99,4,2,0.02,6
26,2,2,4.86,19,2,13.99,4,4,0.24,3
66,1,1,42.58,54,0,17.99,0,3,0.77,5
68,1,2,0.88,32,1,13.99,2,3,0.03,2
40,2,2,14.34,15,0,13.99,2,1,0.9,6
30,0,0,12.11,25,3,8.99,3,4,0.47,5
39,1,1,21.09,57,1,17.99,3,2,0.36,3
44,1,0,1.45,18,3,8.99,0,4,0.08,4
61,0,2,4.19,30,3,13.99,1,2,0.14,1
44,0,1,1.69,7,2,8.99,1,5,0.21,5
35,1,0,4.58,42,4,8.99,0,4,0.11,5
39,1,1,7.64,40,0,17.99,4,1,0.19,0
47,1,1,37.49,56,4,17.99,1,5,0.66,6
31,1,0,4.83,15,1,8.99,0,4,0.3,4
38,1,2,10.71,20,2,13.99,2,3,0.51,2
63,2,2,3.13,45,1,13.99,3,2,0.07,6
45,2,1,39.96,41,1,8.99,4,5,0.95,5
34,0,0,37.61,50,3,8.99,0,5,0.74,0
53,0,1,3.41,50,1,17.99,2,1,0.07,5
19,1,0,4.46,50,0,8.99,0,3,0.09,2
37,0,2,47.74,52,1,13.99,3,4,0.9,0
33,2,2,3.76,16,3,13.99,2,5,0.22,1
70,1,2,4.17,38,4,13.99,4,1,0.11,6
63,1,0,27.89,30,0,8.99,2,4,0.9,5
67,1,0,101.06,19,3,8.99,0,2,5.05,2
41,2,0,2.09,52,4,8.99,1,3,0.04,1
66,2,1,1.42,57,1,13.99,3,3,0.02,3
32,1,2,5.6,44,2,13.99,4,3,0.12,4
29,0,1,9.33,9,2,17.99,4,5,0.93,4
30,0,2,1.21,14,3,13.99,1,5,0.08,3
36,0,1,22.1,40,3,17.99,1,4,0.54,2
56,0,0,2.86,58,3,8.99,1,3,0.05,5
36,0,1,8.8,10,4,17.99,2,2,0.8,1
67,2,2,15.34,39,1,13.99,0,2,0.38,4
70,2,1,22.22,5,3,17.99,0,2,3.7,5
63,1,0,0.24,21,1,8.99,0,5,0.01,0
46,2,1,26.06,4,0,17.99,4,4,5.21,0
30,0,1,5.97,2,4,17.99,0,3,1.99,4
32,1,1,28.92,15,4,17.99,1,4,1.81,5
47,2,2,19.9,31,4,13.99,4,2,0.62,5
46,2,0,3.39,5,4,8.99,2,4,0.57,4
48,2,1,16.78,2,2,17.99,2,1,5.59,3
39,1,1,7.67,27,4,8.99,0,3,0.27,1
20,0,0,1.98,2,4,8.99,1,1,0.66,6
38,2,0,8.81,1,0,8.99,3,4,4.41,0
62,2,1,7.36,45,1,13.99,2,2,0.16,4
58,2,2,14.37,1,3,13.99,2,3,7.18,0
54,2,2,3.47,31,1,13.99,4,5,0.11,2
38,2,2,32.73,21,2,13.99,2,5,1.49,2
64,0,1,8.53,48,4,13.99,2,4,0.17,5
43,2,1,86.73,26,3,17.99,2,3,3.21,5
35,0,1,12.01,5,4,17.99,2,4,2,4
21,2,0,0.54,36,4,8.99,0,2,0.01,6
54,2,2,25.32,57,2,13.99,0,3,0.44,3
50,2,2,1.49,8,1,13.99,0,4,0.17,2
66,2,1,1.85,57,4,17.99,2,3,0.03,0
29,2,1,4.46,42,4,17.99,4,4,0.1,1
28,2,2,6.97,9,0,13.99,2,4,0.7,4
55,2,1,3.86,25,4,17.99,4,3,0.15,0
29,1,1,6.93,13,1,17.99,0,1,0.49,3
40,1,2,9.61,39,0,13.99,2,2,0.24,2
29,1,0,8.06,13,2,8.99,0,2,0.58,5
64,0,1,31.88,16,2,17.99,4,4,1.88,1
56,0,1,2.98,39,1,17.99,4,3,0.07,1
27,2,2,20.02,53,1,13.99,0,4,0.37,0
56,2,2,4.09,56,3,13.99,4,3,0.07,5
19,0,0,49.17,11,4,8.99,0,4,4.1,3
33,2,0,8.92,48,0,8.99,1,5,0.18,1
26,2,1,25,12,2,17.99,3,2,1.92,4
48,1,1,7.18,53,4,17.99,2,4,0.13,1
47,1,1,25.17,1,0,17.99,1,5,12.59,6
47,1,1,0.64,43,4,17.99,1,2,0.01,5
45,1,2,43.5,7,0,13.99,3,5,5.44,3
47,0,0,8.22,4,3,8.99,3,2,1.64,0
41,0,1,7.36,30,3,8.99,4,3,0.24,3
63,1,1,9.84,3,1,17.99,4,4,2.46,1
41,1,0,17.87,6,4,8.99,4,1,2.55,3
33,1,2,7.45,0,2,13.99,4,4,7.45,0
60,0,2,5.02,26,4,13.99,2,3,0.19,4
63,1,0,6.81,18,4,8.99,3,4,0.36,1
46,0,2,10.98,20,2,13.99,3,5,0.52,6
42,0,0,49.49,39,2,8.99,0,5,1.24,4
41,2,1,2.74,19,1,17.99,2,3,0.14,6
45,2,0,3.4,27,1,8.99,1,3,0.12,6
28,1,2,3.57,60,2,13.99,1,4,0.06,4
56,2,0,16.89,38,3,8.99,2,2,0.43,4
26,0,0,11.07,54,1,8.99,0,4,0.2,3
47,2,2,7.92,23,3,13.99,1,1,0.33,6
55,1,1,11.61,21,4,17.99,2,4,0.53,5
61,0,0,4.48,28,1,8.99,3,5,0.15,0
55,2,1,2.69,37,4,17.99,2,2,0.07,6
54,1,1,6.65,23,2,17.99,2,4,0.28,1
35,0,0,26.9,49,0,8.99,3,2,0.54,3
33,0,1,0.03,51,1,8.99,0,1,0,4
49,0,2,7.62,27,3,13.99,2,3,0.27,0
63,2,0,0.85,36,4,8.99,0,3,0.02,6
34,2,1,8.64,8,3,17.99,3,4,0.96,0
33,2,2,8.94,50,0,13.99,1,3,0.18,6
66,1,1,10.41,1,1,17.99,0,5,5.21,1
27,1,2,7.3,54,3,13.99,0,3,0.13,0
18,0,1,20.25,9,4,8.99,3,3,2.02,5
43,1,2,16.44,60,1,13.99,3,4,0.27,3
38,2,1,0.55,3,0,17.99,2,1,0.14,2
23,0,0,18.25,30,2,8.99,2,5,0.59,2
39,0,0,2.09,3,4,8.99,1,3,0.52,2
66,1,1,9.17,28,4,17.99,2,2,0.32,4
26,1,1,1.87,26,4,17.99,1,3,0.07,1
18,1,0,32.68,58,3,8.99,3,5,0.55,5
41,2,1,3.59,41,1,13.99,3,5,0.09,1
57,0,1,0.69,24,2,17.99,2,5,0.03,6
46,1,1,3.84,15,2,17.99,4,4,0.24,2
44,1,2,2.28,59,1,13.99,1,2,0.04,1
41,0,2,0.11,41,2,13.99,2,2,0,0
39,0,0,6.52,54,3,8.99,4,4,0.12,5
66,2,1,6.11,9,4,17.99,1,4,0.61,3
57,1,1,15.52,13,4,17.99,1,5,1.11,0
29,1,0,1.7,43,2,8.99,2,5,0.04,4
26,0,0,0.11,55,1,8.99,1,4,0,6
46,2,0,13.83,44,2,8.99,2,4,0.31,0
34,1,1,12.48,53,4,17.99,2,2,0.23,1
61,0,2,30,50,2,13.99,2,2,0.59,1
21,0,2,4.17,38,2,13.99,1,1,0.11,4
54,2,1,3.66,40,3,17.99,2,1,0.09,2
45,0,1,17.83,45,3,17.99,2,1,0.39,3
35,1,2,16.34,39,0,13.99,3,2,0.41,2
46,1,0,7.08,23,0,8.99,0,5,0.29,0
29,1,1,14.23,4,0,8.99,0,2,2.85,2
20,2,1,3.4,33,4,17.99,1,5,0.1,3
52,2,1,1.42,45,4,17.99,4,5,0.03,4
40,1,2,4.09,37,2,13.99,3,2,0.11,6
69,1,0,24.18,56,4,8.99,3,2,0.42,5
19,1,2,4.34,1,4,13.99,4,1,2.17,6
37,1,0,37.37,52,0,8.99,4,3,0.71,3
48,1,0,2.12,52,1,8.99,1,5,0.04,2
52,0,2,13.19,18,0,13.99,0,5,0.69,1
40,0,2,7.02,18,4,13.99,4,4,0.37,6
23,0,0,5.22,12,3,8.99,4,2,0.4,4
62,0,2,14.8,40,2,13.99,1,5,0.36,3
28,0,1,46.68,10,0,8.99,4,1,4.24,6
68,0,0,0.27,4,4,8.99,1,2,0.05,4
18,1,0,29.27,45,1,8.99,1,1,0.64,6
35,2,1,14.78,24,2,8.99,1,4,0.59,6
47,2,0,0.29,10,2,8.99,2,4,0.03,4
35,0,2,3.26,39,4,13.99,2,2,0.08,3
62,0,0,6.69,30,2,8.99,3,1,0.22,1
50,2,2,4.36,9,4,13.99,4,2,0.44,0
66,2,2,9.88,25,4,13.99,2,3,0.38,0
50,2,0,18.87,28,2,8.99,2,4,0.65,0
56,1,0,6.94,27,2,8.99,3,3,0.25,1
48,2,0,17.72,22,2,8.99,2,3,0.77,1
56,2,1,1.28,22,0,17.99,4,5,0.06,0
36,2,1,23.5,1,1,17.99,4,1,11.75,0
57,2,0,27.17,38,3,8.99,2,5,0.7,1
22,2,2,0.72,49,0,13.99,3,5,0.01,4
59,2,1,16.6,23,1,17.99,1,3,0.69,3
27,1,0,26.34,18,0,8.99,3,2,1.39,5
26,2,2,18.76,34,4,13.99,0,2,0.54,5
29,0,0,1.77,47,1,8.99,0,3,0.04,2
53,2,1,7.79,1,3,17.99,3,1,3.9,6
25,0,0,4.02,48,0,8.99,0,4,0.08,6
33,2,0,40.05,47,4,8.99,1,5,0.83,4
34,2,2,1.34,28,0,13.99,1,3,0.05,2
38,0,0,7.92,18,3,8.99,1,1,0.42,6
69,2,2,1.33,22,1,13.99,3,3,0.06,4
61,1,2,14.2,35,2,13.99,2,4,0.39,4
59,1,1,2.83,12,1,17.99,0,5,0.22,1
55,0,2,8.26,32,1,13.99,4,4,0.25,3
64,0,2,12.3,16,4,13.99,4,3,0.72,1
26,1,0,1.54,20,4,8.99,4,4,0.07,4
56,1,0,3.29,58,2,8.99,2,1,0.06,0
57,1,0,4.15,17,0,8.99,2,5,0.23,3
48,1,0,15.91,21,3,8.99,3,2,0.72,2
41,2,1,2.49,26,3,17.99,2,2,0.09,0
35,2,0,29.26,36,1,8.99,2,1,0.79,1
54,1,1,3.6,39,2,13.99,0,3,0.09,3
25,2,0,17.9,3,4,8.99,1,3,4.47,5
63,0,1,7.04,46,2,17.99,3,4,0.15,5
18,2,2,16.81,56,4,13.99,0,2,0.29,3
20,1,0,24.77,55,2,8.99,2,4,0.44,2
49,2,1,6.23,12,1,17.99,2,2,0.48,3
22,0,0,3.71,28,3,8.99,1,1,0.13,4
67,1,2,0.08,20,4,13.99,3,2,0,3
27,0,2,2.62,10,4,13.99,1,4,0.24,0
40,0,2,7.66,57,0,13.99,1,1,0.13,0
31,1,0,9.71,16,3,8.99,1,3,0.57,6
29,0,0,10.64,36,4,8.99,4,1,0.29,0
59,2,2,25.47,32,0,13.99,2,4,0.77,6
26,0,2,3.82,14,3,13.99,1,2,0.25,3
64,2,1,0.34,1,0,17.99,3,3,0.17,1
65,1,0,46.29,39,4,8.99,4,5,1.16,3
31,1,1,5.04,28,1,17.99,2,3,0.17,6
52,2,2,13.22,37,2,13.99,1,2,0.35,3
54,0,2,6.61,26,4,13.99,3,3,0.24,0
41,1,0,4.32,0,4,8.99,4,1,4.32,4
62,0,1,33.77,31,4,17.99,4,4,1.06,0
31,1,1,12,2,2,17.99,0,2,4,1
49,0,0,1.73,28,2,8.99,0,4,0.06,3
63,2,2,6.72,18,4,13.99,0,4,0.35,2
47,0,2,20.83,58,3,13.99,2,3,0.35,4
46,1,1,2.96,33,3,17.99,4,5,0.09,0
44,0,1,18.89,11,1,17.99,4,1,1.57,2
29,2,1,2.22,34,4,13.99,2,4,0.06,0
52,1,2,28.47,15,1,13.99,2,1,1.78,3
56,0,0,20.91,35,4,8.99,0,4,0.58,2
37,2,0,23.55,17,2,8.99,1,2,1.31,1
34,1,2,6.33,49,1,13.99,2,4,0.13,0
56,1,0,8.25,27,3,8.99,2,3,0.29,1
50,2,1,27.56,44,4,17.99,3,4,0.61,1
27,2,0,71.38,32,2,8.99,4,5,2.16,1
50,1,2,4.17,44,4,13.99,3,1,0.09,2
37,1,2,21.24,41,2,13.99,2,4,0.51,3
60,2,2,13.86,8,0,13.99,2,1,1.54,2
28,1,1,15.45,44,0,17.99,1,4,0.34,3
67,1,0,1.74,4,2,8.99,3,2,0.35,0
28,0,1,10.38,33,2,17.99,0,3,0.31,2
30,1,2,3.31,29,3,13.99,2,1,0.11,2
55,2,1,7.61,37,2,13.99,4,1,0.2,1
64,0,2,31.14,39,1,13.99,2,3,0.78,2
64,0,1,1.22,56,0,17.99,1,1,0.02,1
44,1,2,1.05,18,4,13.99,4,3,0.06,3
53,0,2,6.2,5,0,13.99,3,4,1.03,2
60,1,0,4.37,59,1,8.99,1,2,0.07,6
51,1,0,6.65,2,4,8.99,2,4,2.22,4
52,1,1,33.13,27,3,17.99,1,4,1.18,6
47,0,1,11.36,13,2,17.99,3,1,0.81,4
47,2,2,15.87,52,1,13.99,2,1,0.3,6
23,0,0,17.3,22,4,8.99,4,2,0.75,2
18,0,0,0.33,28,4,8.99,4,3,0.01,0
20,2,1,2.86,34,1,17.99,0,3,0.08,5
32,0,0,3.15,26,1,8.99,2,2,0.12,1
62,1,0,6.84,3,0,8.99,2,2,1.71,1
29,0,0,0.36,3,2,8.99,2,4,0.09,4
44,0,2,3.08,58,3,13.99,4,1,0.05,5
41,0,1,5.24,49,3,17.99,1,2,0.1,1
23,2,2,39.63,20,4,13.99,0,3,1.89,6
58,2,1,22.17,40,1,17.99,2,4,0.54,1
33,0,0,11.36,51,0,8.99,4,1,0.22,3
62,2,1,4.99,10,3,17.99,2,2,0.45,1
58,1,1,3.2,53,0,17.99,1,1,0.06,6
25,1,0,4.02,19,1,8.99,3,3,0.2,4
43,2,1,4.96,34,3,17.99,1,3,0.14,2
24,2,0,11.85,0,2,8.99,2,3,11.85,6
31,0,1,3.13,7,2,17.99,2,5,0.39,2
44,0,1,5.79,8,3,17.99,3,3,0.64,2
59,1,0,14.13,4,2,8.99,2,2,2.83,4
64,1,1,15.22,4,1,17.99,3,1,3.04,2
27,2,0,2.58,6,4,8.99,2,3,0.37,5
62,0,1,10.68,46,4,17.99,1,1,0.23,2
66,2,0,1.89,22,0,8.99,4,2,0.08,0
41,0,1,8.44,36,2,17.99,1,4,0.23,3
18,2,1,46.06,57,4,17.99,1,4,0.79,1
61,0,2,2.54,49,3,13.99,3,3,0.05,3
23,0,1,14.78,11,3,17.99,2,2,1.23,2
70,0,2,2.4,12,0,13.99,4,5,0.18,1
58,1,0,6.35,23,1,8.99,0,2,0.26,1
27,1,0,6.11,35,2,8.99,0,3,0.17,6
22,0,0,11.96,45,2,8.99,4,2,0.26,0
55,0,1,9.52,15,4,17.99,4,2,0.59,1
44,1,0,3.91,2,1,8.99,0,4,1.3,3
41,2,0,20.26,41,1,8.99,1,1,0.48,2
19,0,2,24.66,27,0,13.99,1,2,0.88,4
55,1,0,0.12,22,4,8.99,2,4,0.01,1
67,1,1,7.94,52,4,17.99,1,1,0.15,4
43,1,2,8.99,53,1,13.99,1,1,0.17,0
25,1,1,0.98,30,2,17.99,2,1,0.03,4
53,1,2,7.31,17,1,13.99,2,4,0.41,0
57,0,0,4.12,10,3,8.99,2,1,0.37,6
19,0,2,0.82,39,4,13.99,2,5,0.02,3
27,1,2,6.49,46,1,13.99,2,3,0.14,3
51,1,1,14.64,23,4,17.99,0,4,0.61,2
64,0,0,5.78,22,1,8.99,3,5,0.25,0
54,0,1,11.6,33,3,17.99,3,4,0.34,4
53,0,2,3.47,38,2,13.99,1,1,0.09,4
40,0,1,12.67,44,4,8.99,2,1,0.28,1
59,0,2,20.89,27,1,13.99,2,2,0.75,4
61,1,1,13.17,40,3,17.99,1,3,0.32,4
60,0,1,1.09,6,1,17.99,0,1,0.16,4
25,0,1,4.05,34,0,17.99,3,2,0.12,2
57,0,1,0.66,59,4,17.99,4,5,0.01,1
32,1,2,1.89,24,3,13.99,0,1,0.08,5
59,2,1,28.38,52,4,17.99,4,4,0.54,3
65,2,2,20.56,10,1,13.99,2,5,1.87,6
54,1,1,4.81,27,3,17.99,2,3,0.17,2
32,2,2,3.37,19,0,13.99,1,1,0.17,0
39,2,1,15.64,24,0,17.99,0,4,0.63,5
37,2,1,11.15,60,0,17.99,4,4,0.18,2
51,0,2,1.91,8,1,13.99,4,3,0.21,1
70,2,2,1.34,0,4,13.99,2,1,1.34,2
59,0,0,6.96,4,3,8.99,4,2,1.39,4
48,2,2,4.65,19,1,13.99,2,4,0.23,5
63,1,2,31.54,44,3,13.99,1,5,0.7,3
56,1,1,24.37,26,4,17.99,4,3,0.9,5
48,2,2,3.97,1,4,13.99,2,5,1.99,4
29,1,2,35.97,10,4,13.99,2,4,3.27,5
53,1,1,6.61,54,1,17.99,2,2,0.12,1
19,1,1,0.95,22,1,13.99,0,2,0.04,2
18,1,2,14.18,27,4,13.99,1,2,0.51,3
57,2,2,31.69,18,2,13.99,4,4,1.67,6
47,1,1,6.33,9,1,17.99,3,4,0.63,2
24,1,1,33.35,38,3,17.99,0,1,0.86,2
18,0,0,3.19,16,1,8.99,3,4,0.19,0
23,1,1,12.6,54,3,17.99,1,1,0.23,2
42,0,2,25.68,33,1,13.99,2,5,0.76,1
66,0,0,37.6,35,2,8.99,3,3,1.04,1
61,0,2,6.53,14,3,13.99,0,3,0.44,6
52,2,0,8.9,23,2,8.99,4,1,0.37,1
42,1,0,7.09,21,3,8.99,2,1,0.32,0
61,0,0,17.59,58,1,8.99,2,2,0.3,4
21,0,2,0.44,1,4,13.99,4,1,0.22,5
21,0,1,4.12,35,1,17.99,3,2,0.11,1
54,2,1,12.13,50,4,8.99,1,1,0.24,5
27,0,0,0.03,2,2,8.99,2,3,0.01,3
60,2,1,7.61,20,4,17.99,2,1,0.36,0
27,2,1,4.02,41,2,17.99,0,1,0.1,2
41,1,1,22.75,22,4,17.99,3,2,0.99,4
19,0,2,12.01,0,3,13.99,2,3,12.01,2
64,1,0,0.27,49,2,8.99,1,4,0.01,4
54,0,2,12.34,32,0,13.99,3,3,0.37,6
42,1,2,10.89,15,4,13.99,3,5,0.68,5
67,0,0,0.34,16,2,8.99,3,4,0.02,4
66,1,2,1.97,2,1,13.99,0,4,0.66,6
68,1,0,17.26,10,0,8.99,0,3,1.57,2
51,2,0,0.3,58,3,8.99,1,2,0.01,4
25,1,0,0.24,43,0,8.99,2,3,0.01,5
31,1,2,6.11,17,2,13.99,0,5,0.34,6
26,2,1,11.35,37,4,17.99,4,2,0.3,5
69,0,0,6.16,1,4,8.99,1,1,3.08,4
57,0,1,23.63,34,1,17.99,0,5,0.68,3
21,1,0,11.25,59,2,8.99,2,2,0.19,0
55,1,2,7.28,12,4,13.99,0,1,0.56,1
62,1,2,8.25,37,0,13.99,4,5,0.22,1
43,0,1,12.37,37,0,17.99,1,3,0.33,5
37,1,2,1.33,60,0,13.99,3,5,0.02,1
60,0,1,1.13,12,1,13.99,0,2,0.09,5
32,0,0,0.54,5,1,8.99,4,2,0.09,3
62,2,2,36.03,46,2,13.99,2,2,0.77,2
51,2,0,25.77,38,2,8.99,4,4,0.66,0
31,0,0,9.11,51,1,8.99,4,3,0.18,1
62,0,2,1.62,37,3,13.99,1,3,0.04,4
18,0,2,11.81,9,2,13.99,2,4,1.18,4
55,2,0,22.18,29,2,8.99,0,3,0.74,0
24,2,0,2.28,43,2,8.99,3,5,0.05,3
46,0,1,23.02,59,4,17.99,1,2,0.38,2
21,2,0,5.57,21,3,8.99,4,3,0.25,5
44,0,0,5.7,18,4,8.99,4,2,0.3,3
70,2,0,1.33,54,3,8.99,1,5,0.02,5
55,2,1,10.13,13,1,17.99,4,3,0.72,5
52,0,1,4.12,1,4,17.99,1,4,2.06,6
18,2,1,5.09,13,0,17.99,3,2,0.36,3
67,0,1,2.02,52,2,17.99,4,2,0.04,0
38,0,2,0.9,35,0,13.99,4,2,0.03,6
43,1,1,8.97,0,3,17.99,3,5,8.97,2
25,1,2,5.73,37,1,13.99,2,1,0.15,2
64,1,2,1.24,9,2,13.99,0,4,0.12,6
21,2,1,6.28,3,1,17.99,1,4,1.57,2
58,0,0,8.53,8,1,8.99,4,2,0.95,1
49,1,1,4.67,48,1,13.99,2,5,0.1,4
59,1,1,6.27,12,2,17.99,2,3,0.48,5
40,2,0,4.68,25,4,8.99,2,5,0.18,0
69,1,2,17.01,47,1,13.99,1,2,0.35,3
55,0,0,11.36,0,1,8.99,4,4,11.36,1
66,0,0,6.93,47,4,8.99,4,3,0.14,6
32,1,2,40.69,23,4,13.99,4,3,1.7,1
27,2,1,46.88,56,3,17.99,1,3,0.82,3
47,1,1,1.57,39,4,17.99,0,5,0.04,4
37,1,2,16.01,11,1,13.99,2,4,1.33,4
19,1,1,17.42,40,0,17.99,4,3,0.42,3
59,1,2,3.06,17,4,13.99,2,2,0.17,2
57,0,2,15.02,5,4,13.99,2,2,2.5,3
22,1,2,13.78,0,3,13.99,4,2,13.78,6
67,1,2,3.05,29,4,13.99,4,1,0.1,3
50,2,2,21.29,26,1,13.99,3,3,0.79,5
67,1,2,1.71,47,4,13.99,1,2,0.04,5
45,0,1,11.99,54,0,17.99,0,2,0.22,4
56,2,1,2.04,27,3,17.99,2,1,0.07,5
53,0,2,1.72,19,3,13.99,0,1,0.09,4
54,2,1,19.95,59,2,17.99,4,1,0.33,4
64,1,2,46.62,48,1,13.99,4,3,0.95,4
23,0,2,12.14,9,3,13.99,1,3,1.21,5
63,1,0,1.44,26,2,8.99,2,1,0.05,2
23,2,1,4.59,35,1,17.99,1,5,0.13,4
31,1,0,3.86,8,3,8.99,4,4,0.43,0
54,0,2,11.79,39,1,13.99,2,2,0.29,2
64,1,2,30.64,50,1,13.99,4,3,0.6,1
68,1,0,5.26,45,0,8.99,3,1,0.11,0
40,1,0,5.11,8,4,8.99,1,1,0.57,5
67,0,2,8.12,26,4,13.99,0,3,0.3,3
58,0,1,0.45,7,3,17.99,2,1,0.06,6
31,0,2,0.96,55,1,13.99,2,3,0.02,0
48,1,2,7.38,4,0,13.99,0,4,1.48,4
36,1,1,6.16,53,2,17.99,0,4,0.11,6
27,0,0,17.34,16,1,8.99,0,4,1.02,6
31,0,1,2.2,43,0,17.99,2,5,0.05,3
29,2,2,53.2,49,1,13.99,2,5,1.06,6
50,0,0,6.01,43,0,8.99,1,1,0.14,6
35,1,1,9.21,34,4,17.99,4,5,0.26,6
54,0,0,11.9,49,0,8.99,4,5,0.24,4
54,2,2,13.19,10,4,13.99,3,2,1.2,0
54,2,2,3.22,12,4,13.99,0,1,0.25,3
23,1,1,16.01,2,1,17.99,4,1,5.34,6
46,1,1,21.11,48,4,17.99,3,4,0.43,4
41,1,1,1.34,4,4,17.99,4,2,0.27,0
67,1,2,0.44,27,4,13.99,0,3,0.02,0
56,2,0,30.55,11,3,8.99,0,1,2.55,1
26,1,1,11.88,25,1,17.99,3,3,0.46,3
43,1,0,50.47,37,4,8.99,2,4,1.33,6
25,2,1,12.4,57,2,17.99,3,5,0.21,0
38,1,2,0.61,9,2,13.99,0,4,0.06,2
64,1,1,3.74,32,4,17.99,4,3,0.11,3
28,1,1,49.34,31,3,17.99,3,1,1.54,4
40,1,2,8.17,4,1,13.99,2,1,1.63,2
57,1,0,0.06,39,3,8.99,1,4,0,6
34,1,1,18.98,40,4,17.99,0,5,0.46,2
43,1,2,26.79,6,3,13.99,0,3,3.83,1
33,0,0,1.18,42,3,8.99,2,5,0.03,4
22,2,0,26.28,48,4,8.99,1,3,0.54,6
54,2,0,30.06,37,3,8.99,3,2,0.79,0
43,0,0,7.51,2,3,8.99,0,4,2.5,3
38,2,1,7.13,60,0,17.99,4,1,0.12,3
23,0,0,11.25,24,0,8.99,2,5,0.45,1
33,2,0,2.36,10,4,8.99,4,3,0.21,0
29,2,1,1.78,51,2,17.99,1,5,0.03,4
51,1,2,24.3,38,0,13.99,2,2,0.62,4
35,0,1,38.65,21,0,17.99,4,4,1.76,4
33,0,1,11.79,15,4,17.99,2,4,0.74,6
56,1,0,15.94,12,3,8.99,3,2,1.23,2
23,0,1,3,59,0,17.99,1,5,0.05,6
22,0,2,2.14,44,1,13.99,1,4,0.05,6
36,0,0,14.33,44,1,8.99,3,2,0.32,3
62,2,1,10.02,33,3,17.99,4,2,0.29,1
38,0,0,7.99,27,2,8.99,0,3,0.29,1
42,0,1,8.5,32,0,8.99,4,2,0.26,1
24,0,1,2.48,19,2,17.99,2,2,0.12,6
37,1,1,5.43,46,3,13.99,4,5,0.12,2
18,2,1,12.22,48,3,17.99,2,5,0.25,6
36,0,2,2.06,24,1,13.99,2,1,0.08,5
51,0,0,4.74,27,4,8.99,4,3,0.17,3
60,2,0,14.45,52,3,8.99,4,5,0.27,3
65,0,0,20,26,3,8.99,4,4,0.74,0
22,2,0,7.06,58,2,8.99,0,3,0.12,2
42,2,0,2.65,30,3,8.99,3,1,0.09,2
61,1,2,6.79,16,0,13.99,3,5,0.4,1
43,1,2,31.73,34,3,13.99,0,3,0.91,4
44,0,1,15.31,26,3,17.99,1,5,0.57,6
63,1,0,3.01,60,3,8.99,2,5,0.05,3
52,2,1,33.99,30,1,8.99,0,2,1.1,3
69,2,1,20.85,57,1,17.99,3,4,0.36,3
20,2,2,0.52,29,3,13.99,2,1,0.02,5
19,2,1,1.68,18,4,17.99,4,4,0.09,4
41,0,2,2.97,46,4,13.99,0,1,0.06,4
19,0,1,4.06,7,1,17.99,4,3,0.51,0
26,0,2,5.67,36,3,13.99,4,5,0.15,6
27,2,1,30.11,3,4,17.99,1,3,7.53,5
57,1,1,0.97,32,2,17.99,3,2,0.03,1
25,2,0,2.2,55,4,8.99,2,4,0.04,5
48,1,0,13.29,45,4,8.99,2,2,0.29,5
30,0,0,10.64,2,4,8.99,0,2,3.55,5
38,2,1,20.79,21,3,17.99,0,4,0.94,4
53,1,1,4.69,8,2,17.99,1,5,0.52,4
61,2,1,31.47,52,4,17.99,2,5,0.59,2
22,1,1,5.45,16,0,17.99,0,1,0.32,5
64,2,2,1.09,37,1,13.99,0,5,0.03,2
49,1,2,24.88,36,2,13.99,3,3,0.67,1
53,2,1,21.9,28,0,17.99,0,2,0.76,2
18,1,2,3.49,54,1,13.99,2,3,0.06,6
31,1,1,4.6,1,0,17.99,3,1,2.3,6
48,0,2,21.16,28,2,13.99,4,5,0.73,1
32,1,2,15.29,23,4,13.99,2,5,0.64,2
55,1,1,0.42,29,4,17.99,2,2,0.01,2
33,2,0,10.34,20,1,8.99,4,3,0.49,6
21,2,0,18.91,36,0,8.99,2,1,0.51,4
37,1,2,4.65,15,1,13.99,0,3,0.29,4
19,0,1,0.6,26,2,17.99,3,1,0.02,6
18,2,0,2.13,20,1,8.99,0,1,0.1,6
43,1,2,0.83,13,3,13.99,4,3,0.06,2
36,0,1,3.85,46,4,17.99,4,2,0.08,4
29,0,1,54.65,49,4,17.99,2,5,1.09,1
19,0,1,8.29,28,3,17.99,1,5,0.29,3
67,0,1,9.87,6,3,17.99,4,3,1.41,0
44,1,2,4.2,39,1,13.99,4,3,0.11,0
51,2,0,36.62,43,4,8.99,2,4,0.83,4
59,0,1,6,8,0,17.99,1,2,0.67,2
65,1,2,1.55,1,1,13.99,2,2,0.78,4
24,1,1,26.44,28,2,17.99,3,1,0.91,2
28,2,0,13.38,23,3,8.99,2,1,0.56,6
23,2,0,5.62,9,4,8.99,3,4,0.56,2
59,1,2,6.99,28,2,13.99,2,3,0.24,5
56,0,0,8.54,16,4,8.99,1,5,0.5,0
60,0,0,4.46,10,1,8.99,3,5,0.41,0
33,1,0,24.4,35,3,8.99,2,2,0.68,3
31,1,1,2.62,34,0,17.99,1,4,0.07,1
50,0,2,5.02,47,2,13.99,1,3,0.1,4
51,1,1,9.77,29,3,17.99,2,3,0.33,3
25,0,0,2.53,25,4,8.99,2,1,0.1,2
63,1,0,4.09,55,0,8.99,0,1,0.07,5
30,2,2,7.51,45,4,13.99,1,3,0.16,4
28,2,2,9.61,50,2,13.99,1,4,0.19,3
19,0,1,1.73,22,1,17.99,0,3,0.08,6
23,2,0,11.07,28,0,8.99,4,1,0.38,6
37,2,1,18.15,54,0,8.99,2,1,0.33,6
40,0,2,6.2,10,4,13.99,0,3,0.56,3
37,1,2,5.47,39,4,13.99,3,2,0.14,4
69,1,0,5.31,52,2,8.99,4,4,0.1,0
28,0,1,0.12,9,3,17.99,2,2,0.01,5
55,0,2,14.39,54,3,13.99,0,3,0.26,5
41,1,0,7.73,31,4,8.99,3,4,0.24,2
58,0,1,4.41,39,1,17.99,4,5,0.11,2
44,1,1,1.22,24,4,17.99,1,3,0.05,4
26,2,0,23.33,27,2,8.99,3,1,0.83,0
61,1,2,26.05,21,4,13.99,2,1,1.18,2
21,1,0,5.1,53,4,8.99,4,3,0.09,2
23,2,1,4.46,50,0,17.99,2,3,0.09,4
42,2,0,3.47,36,4,8.99,2,5,0.09,2
32,1,1,24.08,37,4,17.99,2,3,0.63,0
70,2,1,1.28,52,2,8.99,0,5,0.02,0
24,1,2,8.96,34,2,13.99,3,2,0.26,1
70,1,0,1.35,46,2,8.99,3,5,0.03,1
67,0,0,9.91,18,0,8.99,2,5,0.52,1
56,2,0,2.19,35,1,8.99,0,5,0.06,2
33,2,0,44.72,7,4,8.99,4,4,5.59,4
46,1,1,3.18,11,3,17.99,1,4,0.27,6
28,1,1,16.88,20,2,17.99,4,2,0.8,6
30,1,1,46.55,48,0,17.99,1,3,0.95,5
51,2,1,7.43,25,2,13.99,1,5,0.29,1
70,2,1,9.13,50,1,17.99,2,3,0.18,4
40,2,0,6.58,3,0,8.99,4,1,1.65,3
53,2,2,3.68,55,4,13.99,4,1,0.07,2
28,0,2,11.94,1,4,13.99,1,2,5.97,1
47,1,1,20.61,56,0,17.99,2,1,0.36,5
52,2,0,28.04,11,1,8.99,2,2,2.34,0
29,2,1,16.95,53,2,17.99,4,3,0.31,5
59,1,1,10.64,36,0,13.99,3,2,0.29,3
44,1,1,1.68,16,0,17.99,2,2,0.1,3
35,0,2,58.33,42,1,13.99,1,4,1.36,4
47,0,2,1.23,54,3,13.99,1,1,0.02,2
69,1,0,21.53,7,1,8.99,1,3,2.69,1
36,1,2,4.34,57,1,13.99,2,3,0.07,5
61,1,2,14.57,16,2,13.99,3,1,0.86,4
19,2,2,1.86,13,1,13.99,4,4,0.13,2
29,2,1,16.41,25,2,17.99,4,5,0.63,3
30,0,1,6.24,29,4,17.99,3,3,0.21,6
27,0,1,1.29,22,1,17.99,2,5,0.06,1
27,2,0,16.36,8,3,8.99,3,1,1.82,3
34,2,2,1.55,15,4,13.99,2,3,0.1,6
20,2,2,18.31,41,1,13.99,2,1,0.44,5
61,2,1,0.85,6,3,17.99,1,1,0.12,4
24,1,2,5.37,2,3,13.99,3,2,1.79,1
62,1,0,12.33,47,0,8.99,3,1,0.26,0
65,0,2,18.34,48,2,13.99,2,1,0.37,0
49,0,2,0.59,4,4,13.99,0,1,0.12,1
37,2,0,1.32,11,3,8.99,3,5,0.11,4
37,1,2,3.66,5,4,13.99,2,1,0.61,6
41,0,1,0.43,2,2,17.99,3,5,0.14,4
45,2,1,2.59,56,4,17.99,4,3,0.05,3
54,1,0,5.47,36,2,8.99,0,1,0.15,1
28,1,2,2.6,45,1,13.99,0,2,0.06,6
54,2,0,9.44,36,4,8.99,1,4,0.26,1
53,2,1,0.25,50,4,17.99,4,1,0,5
40,2,0,8.13,4,4,8.99,3,4,1.63,5
31,2,2,12.62,28,4,13.99,4,5,0.44,4
33,1,0,43.55,4,3,8.99,3,1,8.71,2
32,1,2,1.88,40,4,13.99,1,4,0.05,5
63,1,1,0.67,9,4,17.99,2,5,0.07,4
58,0,1,3.44,17,1,17.99,1,3,0.19,1
26,0,1,2.92,32,4,17.99,1,2,0.09,6
43,0,1,12.18,50,1,17.99,3,3,0.24,5
35,0,1,26.28,23,0,17.99,2,1,1.09,3
69,2,1,15.94,36,1,17.99,2,2,0.43,3
44,0,1,40.75,9,0,8.99,3,1,4.08,2
58,0,1,0.14,54,1,17.99,2,3,0,4
42,2,0,5.46,41,1,8.99,2,3,0.13,0
67,2,2,9.09,37,1,13.99,2,4,0.24,4
24,1,2,16.21,6,2,13.99,2,1,2.32,2
64,1,0,1.02,16,4,8.99,3,4,0.06,6
30,1,2,4.99,17,4,13.99,4,5,0.28,0
42,1,1,8.37,21,4,17.99,1,3,0.38,2
61,0,1,6.27,42,3,17.99,1,1,0.15,0
64,0,1,0.19,18,1,17.99,2,5,0.01,0
59,0,1,23.07,56,3,13.99,2,2,0.4,5
53,0,1,5.65,24,4,17.99,0,2,0.23,6
34,2,1,10.51,13,0,17.99,0,5,0.75,4
59,0,0,2.63,42,2,8.99,3,2,0.06,3
19,0,1,3.9,9,1,17.99,0,5,0.39,5
46,2,1,20.57,43,4,13.99,0,3,0.47,3
63,1,1,2.24,27,2,8.99,0,4,0.08,3
66,0,0,1.29,44,4,8.99,4,3,0.03,5
31,2,1,0.62,39,4,17.99,3,2,0.02,0
69,0,1,5.48,54,1,17.99,2,5,0.1,0
28,1,2,22.78,16,1,13.99,2,5,1.34,6
52,0,0,20.8,33,3,8.99,0,2,0.61,5
54,1,0,1.29,49,1,8.99,0,4,0.03,6
69,2,2,8.57,40,4,13.99,4,3,0.21,3
22,1,1,0.77,29,0,17.99,2,1,0.03,4
18,0,2,9.29,52,2,13.99,4,2,0.18,4
49,2,1,5.31,39,3,17.99,0,1,0.13,1
43,1,2,5.61,41,4,13.99,4,1,0.13,4
35,2,0,0.57,56,2,8.99,4,2,0.01,1
45,2,1,19.18,49,2,17.99,3,5,0.38,2
47,2,2,3.5,32,4,13.99,1,1,0.11,6
54,2,2,5.07,20,4,13.99,0,5,0.24,2
59,0,1,1.7,54,3,17.99,1,3,0.03,5
22,0,2,10.29,17,0,13.99,3,5,0.57,1
37,2,2,18.23,36,0,13.99,3,5,0.49,0
63,2,1,51.75,30,3,17.99,1,1,1.67,4
28,1,1,8.75,46,0,17.99,0,3,0.19,1
56,1,0,10.45,38,4,8.99,4,4,0.27,6
35,1,1,1.91,38,4,13.99,2,2,0.05,3
36,0,0,9.02,32,4,8.99,4,2,0.27,6
63,2,2,1.97,21,2,13.99,1,2,0.09,2
30,0,2,6.42,26,4,13.99,2,1,0.24,4
24,1,1,12.65,23,4,17.99,2,3,0.53,1
67,1,0,1.56,0,0,8.99,1,5,1.56,2
33,1,2,14.96,16,4,13.99,1,5,0.88,5
44,1,1,2.51,30,2,17.99,2,4,0.08,6
33,2,1,1.81,20,4,17.99,1,2,0.09,1
24,2,1,18.31,45,1,17.99,2,1,0.4,6
22,1,1,7.49,29,2,17.99,2,2,0.25,5
19,0,1,5.42,60,3,13.99,0,1,0.09,1
39,0,1,17.14,3,2,17.99,0,5,4.29,1
69,1,1,4.88,29,0,8.99,4,1,0.16,1
20,1,2,2.97,35,3,13.99,4,2,0.08,5
54,0,2,15.72,0,2,13.99,4,5,15.72,5
32,0,2,13.49,8,0,13.99,3,4,1.5,6
64,1,1,0.01,16,3,17.99,4,5,0,4
68,2,1,3.15,1,4,17.99,0,3,1.57,4
37,0,0,28.01,35,0,8.99,4,1,0.78,6
54,2,1,10.1,40,3,13.99,4,5,0.25,4
22,2,1,0.85,26,3,17.99,2,3,0.03,1
70,1,1,8.29,13,2,17.99,3,1,0.59,1
51,1,1,0.19,20,3,17.99,2,4,0.01,5
49,1,2,4.22,50,0,13.99,3,2,0.08,1
24,1,0,1.68,1,1,8.99,0,1,0.84,6
43,0,2,19.95,40,1,13.99,4,1,0.49,4
46,2,1,10.37,34,3,17.99,2,1,0.3,3
61,1,2,13.1,45,0,13.99,0,4,0.28,1
63,0,0,1.07,5,3,8.99,0,4,0.18,0
51,1,1,10.86,46,2,17.99,0,4,0.23,6
66,1,0,2.18,15,4,8.99,2,5,0.14,4
52,2,1,21.99,19,1,17.99,3,2,1.1,3
19,2,1,1.87,6,1,17.99,2,1,0.27,0
45,0,1,15.57,24,2,17.99,0,4,0.62,2
28,0,2,0.61,59,1,13.99,3,5,0.01,5
39,0,1,4.25,21,1,17.99,4,3,0.19,6
50,1,1,5.93,51,0,17.99,1,1,0.11,4
32,2,1,4.69,12,2,17.99,0,3,0.36,2
57,0,2,1.41,11,4,13.99,2,5,0.12,5
29,2,2,1.6,7,4,13.99,2,4,0.2,6
37,2,1,58.79,27,2,17.99,1,3,2.1,3
37,0,2,1.64,8,1,13.99,0,1,0.18,0
67,2,0,4.62,33,2,8.99,1,5,0.14,4
55,0,2,5.36,42,0,13.99,2,5,0.12,4
19,1,1,10.58,9,0,13.99,0,1,1.06,2
48,2,0,22.19,34,2,8.99,0,2,0.63,5
39,2,0,2.52,52,0,8.99,4,2,0.05,5
37,2,1,1.99,13,4,17.99,2,4,0.14,4
23,0,0,13.62,33,0,8.99,3,2,0.4,1
25,0,1,6.49,14,4,17.99,0,1,0.43,3
59,2,0,10.87,31,1,8.99,2,4,0.34,1
25,0,2,0.09,40,3,13.99,0,1,0,4
63,0,0,8.83,13,4,8.99,1,4,0.63,6
65,2,1,9.71,47,0,17.99,4,4,0.2,2
20,2,2,11.07,23,1,13.99,4,1,0.46,4
34,0,2,11.95,47,4,13.99,2,5,0.25,1
38,2,2,5.32,24,4,13.99,1,4,0.21,2
66,1,0,8.01,53,4,8.99,0,1,0.15,1
54,0,1,1.42,59,1,17.99,0,5,0.02,2
22,1,0,3.76,59,3,8.99,4,3,0.06,2
64,0,1,6.71,42,3,17.99,4,5,0.16,2
67,1,2,5.35,46,3,13.99,1,1,0.11,6
25,0,0,22.29,54,4,8.99,0,5,0.41,2
44,0,1,6,44,1,8.99,1,4,0.13,4
38,1,2,2.76,30,0,13.99,3,4,0.09,3
62,2,2,4.16,29,4,13.99,4,3,0.14,6
29,0,2,1.56,10,4,13.99,3,5,0.14,4
62,0,0,5.64,36,4,8.99,2,5,0.15,4
63,1,1,13.66,4,2,17.99,4,2,2.73,6
59,1,2,22.89,38,3,13.99,4,4,0.59,0
41,0,1,10.47,37,4,17.99,2,4,0.28,6
32,2,2,14.18,59,1,13.99,2,1,0.24,1
27,0,2,33.25,34,4,13.99,2,3,0.95,2
26,2,2,20.49,53,4,13.99,3,5,0.38,6
43,2,0,0.37,16,3,8.99,2,5,0.02,2
31,2,2,0.21,16,1,13.99,2,1,0.01,3
64,0,0,1.74,20,1,8.99,2,5,0.08,0
52,1,2,0.33,14,0,13.99,3,2,0.02,1
51,1,0,26.04,8,1,8.99,0,1,2.89,5
50,0,0,7.45,2,1,8.99,3,3,2.48,6
41,0,2,23.03,50,3,13.99,0,3,0.45,3
21,1,2,8.69,22,0,13.99,0,2,0.38,4
62,2,2,11.96,48,4,13.99,3,3,0.24,3
54,1,0,4.85,37,4,8.99,0,4,0.13,1
48,1,1,2.84,35,0,17.99,2,2,0.08,0
18,2,0,12.33,22,4,8.99,4,5,0.54,1
66,1,2,3.86,28,1,13.99,4,3,0.13,6
42,1,0,0.79,18,1,8.99,4,4,0.04,0
25,2,1,2.9,29,4,17.99,0,2,0.1,6
55,2,0,1.92,32,1,8.99,3,5,0.06,4
42,0,0,1.52,48,4,8.99,2,5,0.03,5
46,0,2,4.68,11,4,13.99,3,5,0.39,1
40,2,0,24.02,23,1,8.99,4,5,1,2
66,2,0,1.21,7,3,8.99,1,5,0.15,2
48,2,1,25.07,29,4,17.99,0,4,0.84,3
69,0,0,33.34,42,1,8.99,3,3,0.78,5
24,1,2,7.75,29,4,13.99,2,5,0.26,4
70,1,2,32.59,7,4,13.99,4,4,4.07,1
26,0,1,22.8,24,1,17.99,2,4,0.91,6
18,0,2,6.99,46,4,13.99,1,5,0.15,1
66,2,1,51.07,9,1,17.99,1,5,5.11,0
49,2,0,25.4,47,1,8.99,1,4,0.53,2
21,2,2,2.51,19,2,13.99,2,2,0.13,3
31,0,2,8.58,16,1,13.99,0,2,0.5,3
46,2,1,7.29,4,1,17.99,0,2,1.46,1
54,0,2,9.97,2,4,13.99,2,2,3.32,5
67,1,2,0.01,1,0,13.99,1,4,0.01,4
46,2,1,5.98,31,4,17.99,4,1,0.19,1
39,2,1,3.98,39,4,17.99,2,3,0.1,3
28,2,0,0.79,40,1,8.99,3,1,0.02,0
53,2,1,4.49,10,4,17.99,2,1,0.41,0
28,0,1,4.14,37,4,17.99,3,2,0.11,2
54,2,2,3.36,50,1,13.99,3,5,0.07,5
38,2,1,3.64,39,0,17.99,3,5,0.09,3
37,1,1,18.92,0,3,13.99,2,1,18.92,0
36,2,2,23.37,57,3,13.99,0,5,0.4,1
27,2,1,8.88,46,3,8.99,2,2,0.19,0
66,0,1,1.37,36,0,17.99,4,5,0.04,0
64,0,1,6.74,46,4,8.99,0,5,0.14,2
54,2,0,29.19,28,4,8.99,3,2,1.01,5
62,0,0,26.62,55,3,8.99,2,4,0.48,0
68,1,1,10,60,0,17.99,1,4,0.16,4
34,1,0,1.89,59,4,8.99,0,5,0.03,0
22,0,1,1.7,20,0,17.99,2,5,0.08,4
61,0,1,7.11,33,3,17.99,4,3,0.21,4
18,2,2,5.41,20,4,13.99,1,3,0.26,0
30,1,0,6.54,20,4,8.99,2,1,0.31,3
34,2,1,1.59,8,1,17.99,2,5,0.18,0
46,0,2,7.59,3,4,13.99,1,3,1.9,1
45,1,1,2.7,2,3,17.99,0,4,0.9,6
48,0,2,17.03,57,3,13.99,2,5,0.29,0
31,2,2,6.59,19,0,13.99,1,3,0.33,2
34,0,0,16.43,56,3,8.99,2,2,0.29,5
68,2,0,2.28,6,0,8.99,0,3,0.33,5
70,2,2,18.5,54,2,13.99,2,4,0.34,0
63,0,0,0.52,1,4,8.99,4,4,0.26,1
51,2,2,2.68,48,1,13.99,1,3,0.05,1
22,0,2,19.19,29,3,13.99,2,1,0.64,6
66,1,1,18.23,38,3,17.99,4,2,0.47,0
22,2,1,10.69,7,4,17.99,2,2,1.34,3
34,0,0,7.71,32,4,8.99,0,5,0.23,0
45,1,0,1.92,46,3,8.99,2,4,0.04,3
34,1,2,15.02,13,2,13.99,4,2,1.07,5
41,1,0,19.33,6,1,8.99,3,5,2.76,4
46,1,1,14.63,0,2,17.99,4,2,14.63,2
27,1,1,9.6,60,4,17.99,0,1,0.16,5
68,1,2,28.44,55,1,13.99,1,3,0.51,5
32,0,1,4.46,40,2,17.99,1,1,0.11,1
47,0,2,9.78,18,4,13.99,1,3,0.51,1
66,1,2,17.66,19,4,13.99,2,2,0.88,5
21,0,2,9.13,7,1,13.99,2,1,1.14,3
37,0,0,18.86,42,4,8.99,4,5,0.44,1
33,0,2,26.73,28,0,13.99,3,3,0.92,4
34,1,0,9.96,8,4,8.99,0,2,1.11,0
28,0,0,35.03,37,0,8.99,2,4,0.92,1
61,1,1,1.63,36,2,17.99,1,5,0.04,3
47,1,1,3.88,53,2,17.99,1,5,0.07,2
31,1,0,48.35,11,0,8.99,2,5,4.03,1
57,2,2,7.92,19,2,13.99,3,2,0.4,4
52,0,2,10.14,49,3,13.99,2,4,0.2,0
27,1,1,17.29,11,4,17.99,1,2,1.44,1
67,1,1,1.04,17,2,17.99,3,2,0.06,5
65,1,1,0.74,20,1,17.99,2,3,0.04,6
44,1,1,2.11,25,4,17.99,4,4,0.08,3
38,0,0,3.08,53,0,8.99,3,2,0.06,1
33,2,0,20.06,32,4,8.99,2,3,0.61,3
63,0,2,1.66,0,0,13.99,1,1,1.66,1
33,1,2,9.93,51,4,13.99,2,4,0.19,5
43,0,1,17.91,26,0,17.99,3,1,0.66,0
66,1,0,7,39,3,8.99,2,2,0.17,6
56,2,1,19.25,28,1,17.99,0,5,0.66,0
48,2,1,4.91,1,2,8.99,4,1,2.46,0
51,1,2,5.05,24,4,13.99,3,3,0.2,0
24,2,2,10.72,40,3,13.99,2,3,0.26,1
48,0,0,6.94,52,0,8.99,2,1,0.13,0
54,2,1,7.4,52,4,17.99,2,1,0.14,2
18,2,0,3.17,0,1,8.99,2,1,3.17,0
56,0,1,2.39,21,4,17.99,2,2,0.11,1
61,2,2,4.08,35,2,13.99,3,3,0.11,6
58,0,0,21.67,45,3,8.99,2,4,0.47,6
29,0,0,4.84,49,0,8.99,1,3,0.1,5
22,1,2,13.57,3,4,13.99,2,4,3.39,2
58,1,1,2.83,58,3,17.99,2,4,0.05,5
61,2,2,8.12,56,3,13.99,0,4,0.14,4
51,2,0,10.44,40,3,8.99,0,2,0.25,3
65,2,0,3.9,14,2,8.99,2,4,0.26,6
46,1,1,19.74,2,0,13.99,0,4,6.58,2
23,0,1,13.31,34,2,17.99,2,2,0.38,5
24,1,1,9.24,23,0,17.99,2,3,0.39,2
24,2,2,18.29,52,4,13.99,4,4,0.35,1
66,0,2,4.96,4,1,13.99,3,1,0.99,6
57,1,1,14.69,12,0,17.99,2,5,1.13,6
45,0,1,25.86,36,4,8.99,4,3,0.7,1
58,1,1,27.98,8,2,17.99,1,1,3.11,5
39,0,2,17.67,13,4,13.99,2,3,1.26,5
24,2,1,18.05,41,2,17.99,0,5,0.43,5
63,1,1,1.43,57,3,17.99,3,5,0.02,1
25,1,0,14.39,53,4,8.99,3,4,0.27,2
37,0,2,5.31,38,3,13.99,4,5,0.14,6
24,2,2,0.72,56,3,13.99,1,2,0.01,5
48,2,0,60.85,10,0,8.99,2,5,5.53,4
21,0,0,2.29,26,3,8.99,1,4,0.08,2
39,1,2,8.99,32,3,13.99,3,3,0.27,2
59,1,1,47.14,35,4,17.99,1,3,1.31,1
40,1,0,9.07,11,2,8.99,0,1,0.76,4
25,1,2,3.84,45,2,13.99,2,5,0.08,3
65,1,0,4.2,54,4,8.99,1,4,0.08,2
29,2,2,4.33,25,2,13.99,0,4,0.17,5
18,1,2,20.23,36,2,13.99,0,4,0.55,5
59,2,0,4.96,51,4,8.99,2,1,0.1,1
43,1,2,12.79,36,4,13.99,0,5,0.35,2
18,0,0,13.51,53,1,8.99,2,4,0.25,2
49,0,2,5.21,33,0,13.99,1,4,0.15,2
32,2,1,2.22,34,4,17.99,2,1,0.06,3
52,0,1,34.13,32,0,8.99,1,3,1.03,1
54,0,2,10.91,37,4,13.99,2,5,0.29,2
55,2,1,14.3,32,3,17.99,3,5,0.43,3
29,2,2,8.15,13,3,13.99,1,2,0.58,3
24,1,0,5.91,25,1,8.99,4,1,0.23,0
24,0,0,6.65,41,0,8.99,1,2,0.16,5
64,1,1,31.16,47,2,17.99,2,5,0.65,5
51,0,1,7.61,23,4,8.99,3,3,0.32,1
44,0,0,9.89,39,2,8.99,3,4,0.25,6
44,1,0,3.32,16,0,8.99,3,4,0.2,2
20,1,2,17.28,50,0,13.99,4,5,0.34,1
48,0,0,1.3,2,2,8.99,1,4,0.43,3
42,0,2,0.48,5,0,13.99,0,5,0.08,0
63,2,1,26.2,52,1,17.99,3,2,0.49,4
22,1,1,2.14,52,3,17.99,4,2,0.04,4
49,1,1,5.08,25,1,17.99,4,4,0.2,4
54,1,0,2.28,17,3,8.99,4,2,0.13,4
44,1,1,20.32,46,4,17.99,2,3,0.43,4
19,2,1,0.24,4,0,17.99,2,4,0.05,6
49,2,2,5.88,40,2,13.99,1,2,0.14,0
31,1,2,10.69,20,4,13.99,3,4,0.51,1
68,0,2,6.49,6,0,13.99,0,1,0.93,3
53,0,1,1.25,37,2,17.99,2,5,0.03,0
60,0,1,12.6,33,0,17.99,3,2,0.37,6
61,0,2,4.52,21,4,13.99,1,2,0.21,3
18,1,1,10.08,33,4,17.99,0,2,0.3,2
43,1,1,4.64,7,4,17.99,2,5,0.58,2
42,0,0,2.8,40,4,8.99,3,4,0.07,1
35,0,1,1.84,30,0,17.99,1,3,0.06,4
64,2,2,8.08,12,2,13.99,4,4,0.62,5
50,0,1,7.92,58,0,17.99,3,4,0.13,3
66,0,0,0.74,27,4,8.99,1,3,0.03,0
37,2,1,26.5,12,4,17.99,2,5,2.04,3
66,0,2,4.63,26,4,13.99,4,5,0.17,0
49,0,2,11.88,41,0,13.99,0,4,0.28,4
40,1,1,0.88,1,2,17.99,0,2,0.44,6
24,0,1,15.52,33,3,17.99,1,1,0.46,5
36,0,2,22.11,6,1,13.99,0,4,3.16,0
54,0,0,13.25,49,2,8.99,2,3,0.27,0
50,1,2,7.88,43,4,13.99,2,1,0.18,4
32,0,2,4.69,48,1,13.99,0,4,0.1,6
49,0,2,4.38,43,3,13.99,2,3,0.1,5
48,1,0,6.44,40,0,8.99,1,5,0.16,2
56,0,0,2.23,26,4,8.99,0,5,0.08,2
60,2,1,2.79,9,0,17.99,4,5,0.28,4
70,0,0,4.04,52,2,8.99,1,3,0.08,3
57,2,1,10.03,21,4,17.99,0,2,0.46,4
32,2,1,14,44,1,17.99,2,1,0.31,6
48,1,2,1.14,11,4,13.99,4,4,0.09,5
35,0,2,0.45,7,1,13.99,2,5,0.06,2
37,1,1,0.64,10,0,17.99,3,5,0.06,1
21,2,1,12.34,19,3,17.99,2,3,0.62,5
48,2,0,6.63,10,4,8.99,4,2,0.6,2
61,0,1,54.86,27,2,17.99,3,2,1.96,2
28,2,1,11.92,52,3,17.99,2,3,0.22,4
29,1,1,12.32,49,2,17.99,4,5,0.25,4
48,2,1,26.34,40,3,17.99,1,2,0.64,5
57,1,1,12.3,26,4,8.99,2,4,0.46,6
67,1,0,15.98,9,4,8.99,0,4,1.6,6
65,0,1,6.18,36,1,17.99,2,3,0.17,3
31,2,0,2.36,46,4,8.99,0,2,0.05,5
58,0,2,4.39,11,2,13.99,2,5,0.37,5
48,1,0,0.31,37,4,8.99,1,2,0.01,0
24,0,0,21.04,10,4,8.99,2,2,1.91,0
35,2,2,11.54,41,3,13.99,4,4,0.27,1
19,0,0,6.32,3,2,8.99,0,2,1.58,3
65,0,2,45.1,58,4,13.99,0,3,0.76,5
43,2,0,6.86,41,0,8.99,4,4,0.16,2
58,0,0,10.42,6,4,8.99,2,2,1.49,2
59,0,2,9.77,5,4,13.99,1,4,1.63,1
36,0,1,7.28,2,4,13.99,2,4,2.43,6
38,1,1,43.56,26,1,17.99,2,3,1.61,4
44,1,1,30.04,56,2,17.99,2,5,0.53,5
29,0,0,8.48,39,4,8.99,2,5,0.21,5
30,0,2,4.72,14,3,13.99,0,3,0.31,4
51,1,0,7.54,5,4,8.99,2,4,1.26,0
62,0,1,1.12,43,3,17.99,3,4,0.03,1
31,2,2,10.2,18,0,13.99,3,5,0.54,1
64,0,2,0.02,36,3,13.99,3,3,0,2
56,0,0,23.72,13,4,8.99,2,1,1.69,1
43,0,2,1.86,52,4,13.99,3,3,0.04,1
62,1,1,0.28,21,4,17.99,4,5,0.01,0
49,2,2,2.26,31,1,13.99,4,5,0.07,1
31,2,2,31.29,9,3,13.99,1,4,3.13,2
70,2,1,7.61,1,1,17.99,0,5,3.81,3
59,2,0,12.4,43,0,8.99,2,3,0.28,4
62,1,0,22.77,47,2,8.99,1,5,0.47,2
54,1,1,9.78,56,2,13.99,2,5,0.17,2
27,1,1,0.4,9,4,8.99,2,5,0.04,0
57,2,1,13.72,29,0,17.99,0,1,0.46,6
24,1,2,0.49,2,1,13.99,2,2,0.16,5
20,0,1,49.3,25,4,17.99,3,3,1.9,3
69,1,1,27.12,3,3,17.99,0,5,6.78,3
27,2,1,4.57,24,4,17.99,3,4,0.18,2
57,0,2,16.97,55,3,13.99,3,4,0.3,1
43,1,1,11.84,56,2,17.99,0,5,0.21,6
22,2,1,17.65,9,3,17.99,4,2,1.76,3
35,2,0,0.87,58,4,8.99,2,5,0.01,0
32,1,1,13.09,51,4,17.99,1,2,0.25,0
30,1,2,13.25,47,1,13.99,0,4,0.28,3
54,1,1,18.07,14,3,17.99,2,2,1.2,6
30,1,1,2.19,24,4,17.99,3,5,0.09,5
50,2,1,13.02,51,0,17.99,1,2,0.25,5
53,2,2,43.02,43,4,13.99,1,1,0.98,0
20,0,1,60.37,8,4,17.99,2,3,6.71,6
26,0,1,7.83,1,4,8.99,0,1,3.92,2
36,2,1,22.9,47,0,13.99,2,2,0.48,2
38,1,0,15.01,11,3,8.99,2,3,1.25,2
21,2,0,2.73,48,4,8.99,2,5,0.06,3
33,1,2,5.76,40,0,13.99,3,5,0.14,1
63,2,0,1.25,3,4,8.99,2,5,0.31,1
47,0,1,2.57,10,4,8.99,2,5,0.23,6
21,2,2,61.8,41,1,13.99,2,3,1.47,3
23,0,1,5.48,16,4,17.99,2,1,0.32,3
35,1,1,11.07,12,4,17.99,4,3,0.85,4
19,0,2,16.26,17,4,13.99,0,1,0.9,3
26,0,0,14.85,26,2,8.99,1,4,0.55,0
23,2,2,3.1,12,4,13.99,1,5,0.24,1
40,1,0,2.24,9,0,8.99,2,2,0.22,3
69,1,1,9.07,47,0,17.99,4,5,0.19,1
48,1,0,34.77,23,1,8.99,3,5,1.45,6
59,0,0,12.13,23,3,8.99,2,5,0.51,3
50,0,0,0.82,1,4,8.99,4,5,0.41,3
41,0,0,36.94,6,4,8.99,0,4,5.28,3
38,2,1,8.36,1,3,17.99,3,2,4.18,3
20,1,2,5.06,25,3,13.99,3,4,0.19,2
30,1,1,2.27,0,4,13.99,1,2,2.27,0
61,2,2,19.49,9,3,13.99,4,1,1.95,3
42,2,0,8.18,15,1,8.99,3,2,0.51,4
36,0,1,71.41,60,0,17.99,2,1,1.17,0
47,0,1,3.51,50,2,17.99,1,1,0.07,5
51,0,1,8.32,48,4,17.99,0,2,0.17,4
37,0,2,10.29,49,0,13.99,1,1,0.21,3
37,1,0,21.82,40,4,8.99,0,2,0.53,3
27,2,1,5.07,33,0,17.99,3,3,0.15,0
35,1,2,3.52,24,2,13.99,2,5,0.14,0
27,2,0,0.14,57,1,8.99,2,5,0,3
45,2,1,3.2,57,3,17.99,2,1,0.06,6
50,2,2,9.9,10,0,13.99,2,2,0.9,3
20,0,1,9.46,35,4,17.99,1,2,0.26,6
28,2,1,8.87,39,0,13.99,4,1,0.22,2
22,0,1,5.64,29,0,17.99,2,1,0.19,1
58,2,1,23.9,38,3,17.99,2,1,0.61,5
35,0,1,25.2,48,4,17.99,2,4,0.51,6
64,0,0,3.98,58,1,8.99,4,5,0.07,6
68,1,0,24.34,16,0,8.99,2,5,1.43,2
46,2,2,1.24,60,3,13.99,2,5,0.02,4
34,1,1,28.39,41,1,17.99,2,2,0.68,4
39,2,0,10.6,53,1,8.99,2,3,0.2,1
53,1,1,0.77,21,1,17.99,1,3,0.04,6
38,0,1,20.14,40,0,17.99,4,3,0.49,3
33,2,2,16.3,11,4,13.99,3,2,1.36,6
67,2,0,10.31,14,4,8.99,4,1,0.69,0
37,1,1,24.13,31,3,17.99,2,2,0.75,0
62,0,1,6.03,49,3,17.99,2,2,0.12,4
39,0,2,57.19,19,2,13.99,3,5,2.86,2
60,1,1,6.21,15,2,17.99,2,3,0.39,4
65,0,0,0.24,28,4,8.99,4,5,0.01,6
61,2,2,4.12,0,4,13.99,1,1,4.12,5
37,1,1,3.73,31,3,17.99,4,5,0.12,2
50,1,1,8.48,13,4,17.99,4,3,0.61,6
45,0,1,3.91,44,0,17.99,0,3,0.09,1
28,0,0,2.47,37,0,8.99,4,1,0.07,3
19,0,2,1.68,6,4,13.99,0,3,0.24,2
41,1,0,9.42,19,2,8.99,4,1,0.47,2
63,1,2,0.4,0,3,13.99,2,4,0.4,1
26,1,0,4.27,36,1,8.99,4,3,0.12,0
29,2,0,7.83,39,2,8.99,4,1,0.2,5
45,1,0,3.05,59,4,8.99,0,1,0.05,0
28,0,2,2.25,30,1,13.99,2,3,0.07,0
40,2,1,2.28,37,1,17.99,3,2,0.06,0
46,1,2,0.86,23,4,13.99,2,4,0.04,4
40,1,2,3.11,51,4,13.99,3,5,0.06,3
42,2,0,12.95,41,0,8.99,3,1,0.31,1
28,0,1,16.69,47,2,17.99,2,3,0.35,5
25,1,1,6.08,33,1,17.99,2,5,0.18,2
56,2,0,1.62,8,4,8.99,0,1,0.18,6
68,0,2,2.7,35,3,13.99,2,1,0.08,2
63,2,0,10.71,43,1,8.99,2,2,0.24,1
